IDUsuario,UserName,Nombre,Password
1,Tony,José Antonio Ramírez,ClaveSegura123
2,Alejandro,Alejandro González Ríos,Usuario2024!
3,Marco,Marco Rodríguez Herrera,ContraseñaABC
4,Diego,Diego Martínez López,Seguridad567
5,Camila,Camila Ramírez Silva,AccesoFacil!
6,Javier,Javier Pérez Morales,Proteccion*12
7,Sofia,Sofia López Hernández,CodigoSecreto!
8,Pepe,Pepe Sánchez García,Privacidad987
9,Isabella,Isabella Torres Ruiz,SuperContraseña
10,profe,Profe Fernández González,password123
11,Gabriela,Gabriela Castro Mendoza,securepass1
12,Carlos,Carlos Herrera Vargas,letmein2023
13,Laura,Laura Díaz Pérez,changeme789
14,Miguel,Miguel Vargas Salazar,welcome456
15,Natalia,Natalia Romero Martínez,secretword7wu
16,Andrés,Andrés Mendoza Soto,access2024
17,Ana,Ana Jiménez Castro,mypassword99
18,Ricardo,Ricardo Ruiz Montoya,protect1234
19,Paola,Paola Medina Morales,Gogogo567
20,Martín,Martín Gómez Ramírez,pass123word
21,Juan,Juan García Pérez,securepass1!
22,María,María López Martínez,letmein2023@
23,Luis,Luis Rodríguez Sánchez,changeme789#
24,Andrea,Andrea Martínez González,welcome456$
25,Patricia,Patricia Pérez Hernández,secretword7wu%
26,Daniel,Daniel Sánchez García,access2024&
27,Andrea,Andrea González Martínez,mypassword99*
28,Roberto,Roberto Hernández López,protect1234+
29,Elena,Elena Díaz Rodríguez,Gogogo567=
30,Adrián,Adrián Fernández Pérez,pass123word?